Dataset,Thoth Avg Time (s),PySpark Avg Time (s),Thoth Min Time (s),PySpark Min Time (s),Thoth Max Time (s),PySpark Max Time (s),Thoth Sort Asc Time (s),PySpark Sort Asc Time (s)
Small (50),0.011972427368164062,2.9780097007751465,0.09184432029724121,0.23494529724121094,0.018161296844482422,0.23068690299987793,0.049360036849975586,0.2506694793701172
"Medium (5,000)",0.006772041320800781,0.2741379737854004,0.00703740119934082,0.19095754623413086,0.021176815032958984,0.18079257011413574,0.04477667808532715,0.16824054718017578
"Large (500,000)",0.050728559494018555,0.39350008964538574,0.04729056358337402,0.23781323432922363,0.07471537590026855,0.22263169288635254,0.18000435829162598,0.19555306434631348
"Extra Large (5,000,000)",0.4518125057220459,0.7501194477081299,0.30394911766052246,0.6208493709564209,0.4137909412384033,0.579063892364502,0.9235100746154785,0.6029160022735596
"Double Extra Large (10,000,000)",0.7081849575042725,1.09208083152771,0.6983942985534668,1.0210726261138916,0.9746310710906982,0.8945872783660889,2.920658588409424,0.9888768196105957
