Dataset,Thoth Avg Time (s),PySpark Avg Time (s),Thoth Min Time (s),PySpark Min Time (s),Thoth Max Time (s),PySpark Max Time (s),Thoth Sort Asc Time (s),PySpark Sort Asc Time (s)
Small (50),0.012119770050048828,2.6167495250701904,0.0044443607330322266,0.23578810691833496,0.003974437713623047,0.18335795402526855,0.005136966705322266,0.2816274166107178
"Medium (5,000)",0.004799604415893555,0.2525007724761963,0.004494190216064453,0.18933677673339844,0.004961729049682617,0.15702199935913086,0.004731178283691406,0.1553652286529541
"Large (500,000)",0.03969264030456543,0.3776557445526123,0.05291271209716797,0.23339509963989258,0.056058406829833984,0.23071622848510742,0.07075619697570801,0.2737851142883301
"Extra Large (5,000,000)",0.43610668182373047,1.126953363418579,0.5108883380889893,0.9284796714782715,0.39667677879333496,0.9955885410308838,1.4232356548309326,0.9996922016143799
"Double Extra Large (10,000,000)",1.5315444469451904,1.9284794330596924,1.452845811843872,1.5278816223144531,1.6852257251739502,1.7492802143096924,5.283168315887451,1.691101312637329
