Dataset,Thoth Avg Time (s),PySpark Avg Time (s),Thoth Min Time (s),PySpark Min Time (s),Thoth Max Time (s),PySpark Max Time (s),Thoth Sort Asc Time (s),PySpark Sort Asc Time (s)
Small (50),0.024280309677124023,2.9557902812957764,0.006825685501098633,0.274782657623291,0.05917501449584961,0.22253918647766113,0.00324249267578125,0.26639270782470703
"Medium (5,000)",0.011145591735839844,0.3872530460357666,0.02917313575744629,0.1875777244567871,0.003727436065673828,0.19579744338989258,0.007237434387207031,0.16219162940979004
"Large (500,000)",0.08014440536499023,0.339127779006958,0.06647062301635742,0.2163832187652588,0.05974841117858887,0.2896761894226074,0.20250177383422852,0.23508763313293457
"Extra Large (5,000,000)",1.094292163848877,0.9706578254699707,1.0313057899475098,0.5993542671203613,0.7306630611419678,0.7459995746612549,2.67730975151062,0.7687108516693115
