Dataset,Thoth Avg Time (s),PySpark Avg Time (s),Thoth Min Time (s),PySpark Min Time (s),Thoth Max Time (s),PySpark Max Time (s),Thoth Sort Asc Time (s),PySpark Sort Asc Time (s)
Small (50),0.02442169189453125,2.6443686485290527,0.0048673152923583984,0.2244729995727539,0.007831573486328125,0.21910691261291504,0.004526376724243164,0.3346848487854004
"Medium (5,000)",0.006456613540649414,0.21628379821777344,0.007274627685546875,0.16849374771118164,0.005984783172607422,0.16565728187561035,0.007857561111450195,0.12703967094421387
"Large (500,000)",0.12210965156555176,0.3885481357574463,0.09635186195373535,0.22012901306152344,0.12839698791503906,0.23435449600219727,0.1338198184967041,0.265439510345459
"Extra Large (5,000,000)",1.3483555316925049,1.1743254661560059,1.265929937362671,0.8743674755096436,1.6402952671051025,0.943953275680542,2.0076351165771484,1.023355484008789
